,name,brand,price,max power,max torque,cooling system,transmission,transmission type,displacement,cylinders,bore,stroke,valves per cylinder,spark plugs,gear shifting pattern,clutch,fuel tank capacity,mileage - arai,mileage - owner reported,top speed,braking system,front brake type,front brake size,rear tyre size,tyre type,radial tyres,rear brake type,rear brake size,wheel type,front wheel size,rear wheel size,front tyre size,front tyre pressure (rider),rear tyre pressure (rider),front tyre pressure (rider & pillion),rear tyre pressure (rider & pillion),kerb weight,overall length,overall width,wheelbase,ground clearance,seat height,overall height,chassis type
0,Royal Enfield Hunter 350,Royal Enfield,149900,20.2,27,air/oil cooled,5 speed manual,chain drive,349,1,72,85.8,2,1 per cylinder,1 down 4 up,wet multiplate,13,36,36,114,single channel abs,disc,300,120/80 - 17,tubed,no,drum,153,spoke,17,17,100/80 - 17,29,32,29,33,177,2055,800,1370,150,790,1055,double-downtube frame
1,Royal Enfield Classic 350,Royal Enfield,190229,20.2,27,air/oil cooled,5 speed manual,chain drive,349,1,72,85.8,2,1 per cylinder,1 down 4 up,wet multiplate,13,nan,35,114,single channel abs,disc,300,120/80 - 18,tubed,no,disc,270,spoke,19,18,100/90 - 19,20,30,22,32,195,2145,785,1390,170,805,1090,twin downtube spine frame
2,Royal Enfield Bullet 350,Royal Enfield,157391,19.1,28,air cooled,5 speed manual,chain drive,346,1,70,90,1,2 per cylinder,1 down 4 up,wet multiplate,13.5,nan,38,110,single channel abs,disc,280,3.25 x 19 - 60p,tubed,no,drum,153,spoke,19,19,3.25 x 19 - 54p,20,30,22,32,186,2170,810,1395,135,800,1120,"single downtube,using engine as stressed member"
3,Royal Enfield Continental GT 650,Royal Enfield,304945,47,52,air/oil cooled,6 speed manual,chain drive,648,2,78,67.8,2,1 per cylinder,1 down 5 up,assist and slipper clutch,12.5,nan,25,169,dual channel abs,disc,320,130/70 - 18,tubed,no,disc,240,spoke,18,18,100/90 - 18,32,36,32,39,198,2122,744,1398,174,793,1024,"steel tubular, double cradle frame"
4,Royal Enfield Meteor 350,Royal Enfield,200924,20.2,27,air/oil cooled,5 speed manual,chain drive,349,1,72,85.8,2,1 per cylinder,1 down 4 up,wet multiplate,15,nan,35,112,dual channel abs,disc,300,140/70 - 17,tubeless,yes,disc,270,alloy,19,17,100/90 - 19,32,32,32,36,191,2140,845,1400,170,765,1140,twin downtube spine frame
5,Royal Enfield Himalayan,Royal Enfield,215869,24.3,32,air cooled,5 speed manual,chain drive,411,1,78,86,2,1 per cylinder,1 down 4 up,wet multiplate,15,nan,30,120,switchable abs,disc,300,120/90 - 17,tubed,no,disc,240,spoke,21,17,90/90 - 21,25,32,27,34,199,2190,840,1465,220,800,1370,half-duplex split cradle frame
6,Royal Enfield Interceptor 650,Royal Enfield,288141,47,52,air/oil cooled,6 speed manual,chain drive,648,2,78,67.8,4,1 per cylinder,1 down 5 up,assist and slipper clutch,13.7,nan,23,169,dual channel abs,disc,320,130/70 - 18,tubed,no,disc,240,spoke,18,18,100/90 - 18,32,36,32,39,202,2122,789,1400,174,804,1165,steel tubular double cradle
7,Royal Enfield Scram 411,Royal Enfield,202923,24.3,32,air cooled,5 speed manual,chain drive,411,1,78,86,2,1 per cylinder,1 down 4 up,wet multiplate,15,nan,29,138,dual channel abs,disc,300,120/90 - 17,tubed,no,disc,240,spoke,19,17,100/90 - 19,25,32,27,34,185,2160,840,1455,200,795,1165,half-duplex split cradle frame
8,TVS Raider 125,TVS,90524,11.2,11.2,air/oil cooled,5 speed manual,chain drive,124.8,1,53.5,55.5,3,1 per cylinder,1 down 4 up,wet multiplate,10,nan,57,99,sbt,drum,130,100/90 - 17,tubeless,no,drum,130,alloy,17,17,80/100 - 17,25,28,25,32,123,2070,785,1326,180,780,1028,single cradle tubular frame
9,Apache,TVS,118381,15.31,13.9,air cooled,5 speed manual,chain drive,159.7,1,62,52.9,2,1 per cylinder,1 down 4 up,wet multiplate,12,nan,45,107,single channel abs,disc,270,110/80 - 17,tubeless,yes,drum,130,alloy,17,17,90/90 - 17,25,28,25,32,139,2085,730,1300,180,790,1105,double cradle synchro stiff
10,Apache,TVS,122410,17.31,14.73,oil cooled,5 speed manual,chain drive,159.7,1,62,52.9,4,1 per cylinder,1 down 4 up,wet multiplate,12,nan,45,114,single channel abs,disc,270,110/80 - 17,tubeless,no,drum,130,alloy,17,17,90/90 - 17,25,28,25,32,144,2035,790,1357,180,800,1050,double cradle split synchro stiff
11,TVS Ronin,TVS,149000,20.1,19.93,oil cooled,5 speed manual,chain drive,225.9,1,66,66,4,1 per cylinder,1 down 4 up,assist and slipper clutch,14,nan,40,120,single channel abs,disc,300,130/70 - 17,tubeless,no,disc,240,alloy,17,17,110/70 - 17,25,28,25,32,159,2040,805,1357,181,795,1170,double cradle frame
12,TVS Ntorq 125,TVS,85995,9.25,10.5,air cooled,automatic,cvt,124.8,1,53.5,55.5,3,1 per cylinder,automatic,automatic,5.8,nan,40,95,sbt,drum,130,110/80 - 12,tubeless,no,drum,130,alloy,12,12,100/80 - 12,24,28,24,36,118,1861,710,1285,155,770,1164,high rigidity under bone rectangular tube type
13,TVS Sport,TVS,61577,8.18,8.7,air cooled,4 speed manual,chain drive,109.7,1,53.5,48.8,2,1 per cylinder,all 4 up,wet multiplate,10,nan,70,90,sbt,drum,130,"3.0 x 17"" 50p",tubed,no,drum,110,alloy,17,17,"2.75 x 17"" 41p",25,32,25,36,110,1950,705,1236,175,790,1080,single cradle tubular
14,Apache,TVS,264987,33.5,27.3,liquid cooled,6 speed manual,chain drive,312.2,1,80,62.1,4,1 per cylinder,1 down 5 up,wet multiplate with assist and slipper clutch,11,nan,30.5,160,dual channel abs,disc,300,150/60 - zr17,tubeless,yes,disc,240,alloy,17,17,110/70 - zr17,32,32,32,32,174,2001,786,1365,180,810,1135,"trellis frame, split chassis"
15,Apache,TVS,141058,20.54,17.25,oil cooled,5 speed manual,chain drive,197.75,1,66,57.8,4,1 per cylinder,1 down 4 up,wet multiplate with assist and slipper clutch,12,nan,39,127,single channel abs,disc,270,130/70 - 17,tubeless,yes,disc,240,alloy,17,17,90/90 - 17,25,28,25,32,152,2050,790,1353,180,800,1050,double cradle split synchro stiff frame
16,TVS Jupiter,TVS,76461,7.77,8.8,air cooled,automatic,cvt,109.7,1,53.5,48.8,2,1 per cylinder,automatic,automatic,6,nan,50,78,sbt,drum,130,90/90 - 12,tubeless,no,drum,130,alloy,12,12,90/90 - 12,24,28,24,32,107,1834,650,1275,163,765,1115,high rigidity underbone type
17,TVS Jupiter 125,TVS,84568,8.04,10.5,air cooled,automatic,cvt,124.8,1,53.5,55.5,2,1 per cylinder,automatic,automatic,5.1,nan,49,95,sbt,drum,130,90/90 - 12,tubed,no,drum,130,steel,12,12,90/90 - 12,24,32,24,36,108,1852,681,1275,163,765,1168,high rigidity underbone type
18,Apache,TVS,121725,16.56,15.5,oil cooled,5 speed manual,chain drive,177.4,1,62,58,2,1 per cylinder,1 down 4 up,wet multiplate,12,nan,42,113,single channel abs,disc,270,110/80 - 17,tubeless,yes,disc,200,alloy,17,17,90/90 - 17,25,28,25,32,141,2085,730,1326,170,790,1105,double cradle synchro stiff
19,TVS Star City Plus,TVS,73481,8.08,8.7,air cooled,4 speed manual,chain drive,109.7,1,53.5,48.8,2,1 per cylinder,all 4 up,wet multiplate,10,nan,68,90,sbt,drum,130,"3.0 x 17"" 50p",tubeless,no,drum,110,alloy,17,17,"2.75 x 17"" 41p",25,32,25,36,115,1984,750,1260,172,785,1080,single cradle tubular frame
20,TVS Radeon,TVS,71674,8.08,8.7,air cooled,4 speed manual,chain drive,109.7,1,53.5,48.8,2,1 per cylinder,all 4 up,wet multiplate,10,nan,65,90,sbt,drum,130,3.00 x 18,tubeless,no,drum,110,alloy,18,18,2.75 x 18,25,32,25,36,116,2025,705,1265,180,780,1080,single cradle tubular frame
21,TVS Scooty Pep Plus,TVS,64580,5.36,6.5,air cooled,automatic,cvt,87.8,1,51,43,2,1 per cylinder,automatic,automatic,4.2,nan,50,66,sbt,drum,110,3.00 - 10 4pr,tubeless,no,drum,110,alloy,10,10,3.00 - 10 4pr,24,29,24,32,93,1735,590,1230,135,768,1065,tubular
22,TVS XL100 Heavy Duty,TVS,47140,4.3,6.5,air cooled,automatic,cvt,99.7,1,51,48.8,1,1 per cylinder,automatic,automatic,4,nan,55,58,sbt,drum,110,2.50 - 16 41l,tubed,no,drum,110,spoke,16,16,2.50 - 16 41l,25,35,25,40,88,1895,670,1228,158,787,1077,welded tubular step through construction
23,TVS Scooty Zest 110,TVS,75471,7.71,8.8,air cooled,automatic,cvt,109.7,1,53.5,48.8,2,1 per cylinder,automatic,automatic,5,nan,45,80,sbt,drum,110,90/90 - 10,tubeless,no,drum,130,steel,10,10,90/100 - 10,24,28,24,32,103,1770,660,1250,150,760,1139,duplex tubular frame
24,TVS XL100 Comfort,TVS,45648,4.3,6.5,air cooled,automatic,cvt,99.7,1,51,48.8,1,1 per cylinder,automatic,automatic,4,nan,51.5,58,sbt,drum,110,2.50 - 16 41l,tubed,no,drum,110,spoke,16,16,2.50 - 16 41l,25,35,25,40,86,1895,670,1228,158,781,1077,welded tubular step through construction
25,Splendor,Hero,71571,7.91,8.05,air cooled,4 speed manual,chain drive,97.2,1,50,49.5,2,1 per cylinder,all 4 up,wet multiplate,9.8,nan,60,87,ibs,drum,130,80/100 - 18,tubeless,no,drum,130,alloy,18,18,80/100 - 18,25,28,25,41,112,2000,720,1236,165,785,1052,tubular double cradle
26,Hero Splendor Plus Xtec,Hero,76381,7.9,8.05,air cooled,4 speed manual,chain drive,97.2,1,50,49.5,2,1 per cylinder,all 4 up,wet multiplate,9.8,nan,60,87,ibs,drum,130,80/100 - 18,tubeless,no,drum,130,alloy,18,18,80/100 - 18,25,28,25,41,112,2000,720,1236,165,785,1052,tubular double cradle
27,Hero HF Deluxe,Hero,60163,7.91,8.05,air cooled,4 speed manual,chain drive,97.2,1,50,49.5,2,1 per cylinder,all 4 up,wet multiplate,9.6,nan,65,85,ibs,drum,130,2.75 x 18 - 6pr/48p,tubeless,no,drum,130,alloy,18,18,2.75 x 18 - 4pr/42p,25,28,25,41,110,1965,720,1235,165,805,1045,tubular double cradle
28,Splendor,Hero,78627,10.72,10.6,air cooled,5 speed manual,chain drive,124.7,1,52.4,57.8,2,1 per cylinder,1 down 4 up,wet multiplate,12,nan,55,90,ibs,drum,130,90/90 - 18,tubeless,no,drum,130,alloy,18,18,80/100 - 18,25,28,25,41,122,2042,740,1273,180,799,1102,tubular diamond frame
29,Hero Xtreme 160R,Hero,119570,15,14,air cooled,5 speed manual,chain drive,163,1,57.3,63.3,2,1 per cylinder,1 down 4 up,wet multiplate,12,nan,46,107,single channel abs,disc,276,130/70 - r17,tubeless,yes,drum,130,alloy,17,17,100/80 - 17,25,28,25,30,138.5,2029,793,1327,167,790,1052,tubular diamond
30,Hero Glamour,Hero,79029,10.72,10.6,air cooled,5 speed manual,chain drive,124.7,1,52.4,57.8,2,1 per cylinder,1 down 4 up,wet multiplate,10,nan,55,95,ibs,drum,130,100/80 - 18,tubeless,no,drum,130,alloy,18,18,80/100 - 18,25,29,25,33,122,2051,720,1273,180,793,1074,diamond
31,Hero Passion Pro,Hero,73432,9.02,9.89,air cooled,4 speed manual,chain drive,110,1,50,57.8,2,1 per cylinder,all 4 up,wet multiplate,10,nan,55,90,ibs,drum,130,80/100 - 18,tubed,no,drum,130,alloy,18,18,80/100 - 18,25,28,25,41,117,2036,715,1270,180,799,1113,diamond
32,Hero Xpulse 200 4V,Hero,137436,18.8,17.35,oil cooled,5 speed manual,chain drive,199.6,1,66.5,57.5,4,1 per cylinder,1 down 4 up,wet multiplate,13,nan,40,115,single channel abs,disc,276,120/80 - 18,tubed,no,disc,220,spoke,21,18,90/91 - 21,25,33,25,36,158,2222,850,1410,220,825,1258,diamond type
33,Hero Pleasure +,Hero,68847,8,8.7,air cooled,automatic,cvt,110.9,1,50,56.5,2,1 per cylinder,automatic,automatic,4.8,nan,50,75,ibs,drum,130,90/100 - 10,tubeless,no,drum,130,steel,10,10,90/100 - 10,22,29,22,36,104,1769,704,1238,155,765,1161,high rigidity under bone type
34,Hero Passion Xtec,Hero,80746,9,9.79,air cooled,4 speed manual,chain drive,110,1,50,57.8,2,1 per cylinder,all 4 up,wet multiplate,10,nan,59,90,ibs,disc,240,80/100 - 18,tubeless,no,drum,130,alloy,18,18,80/100 - 18,25,28,25,41,118,2036,739,1270,180,799,1113,diamond
35,Hero Glamour Xtec,Hero,91033,10.72,10.6,air cooled,5 speed manual,chain drive,124.7,1,52.4,57.8,2,1 per cylinder,1 down 4 up,wet multiplate,10,nan,50,95,ibs,disc,240,100/80 - 18,tubeless,no,drum,130,alloy,18,18,80/100 - 18,25,29,25,33,123,2051,743,1273,180,793,1074,diamond
36,Hero Xpulse 200T 4V,Hero,133285,18.83,17.3,oil cooled,5 speed manual,chain drive,199.6,1,66.5,57.5,4,1 per cylinder,1 down 4 up,wet multiplate,13,nan,39,115,single channel abs,disc,276,130/70 - r17,tubeless,yes,disc,220,alloy,17,17,100/80 - 17,25,28,25,30,154,2120,807,1393,175,799,1090,diamond type
37,Hero Xtreme 200S,Hero,135257,17.8,16.45,oil cooled,5 speed manual,chain drive,199.6,1,66.5,57.5,2,1 per cylinder,1 down 4 up,wet multiplate,12.8,nan,40,115,single channel abs,disc,276,130/70 - r17,tubeless,yes,disc,220,alloy,17,17,100/80 - 17,25,28,25,30,154.5,2062,778,1338,165,795,1106,diamond type
38,Hero Pleasure + Xtec,Hero,78913,8,8.7,air cooled,automatic,cvt,110.9,1,50,56.5,2,1 per cylinder,automatic,automatic,4.8,nan,50,75,ibs,drum,130,90/100 - 10,tubeless,no,drum,130,alloy,10,10,90/100 - 10,22,29,22,36,104,1769,704,1238,155,765,1161,high rigidity under bone type
39,Hero Maestro Edge 125,Hero,87827,9,10.4,air cooled,automatic,cvt,124.6,1,52.4,57.8,1,1 per cylinder,automatic,automatic,5,nan,45,90,ibs,disc,190,90/100 - 10,tubeless,no,drum,130,alloy,12,10,90/90 - 12,22,29,22,36,112,1843,718,1261,155,775,1188,under bone type
40,Hero Destini 125 Xtec,Hero,83842,9,10.4,air cooled,automatic,cvt,125,1,52.4,57.8,2,1 per cylinder,automatic,automatic,5,nan,45,85,ibs,drum,130,90/100 - 10,tubeless,no,drum,130,alloy,10,10,90/100 - 10,22,29,22,36,114,1809,729,1245,155,778,1154,high rigidity under bone type
41,Hero Maestro Edge 110,Hero,70899,8.04,8.7,air cooled,automatic,cvt,110.9,1,50,56.5,1,1 per cylinder,automatic,automatic,5,nan,40,80,ibs,drum,130,90/100 - 10,tubeless,no,drum,130,alloy,12,10,90/90 - 12,22,29,22,36,112,1843,715,1261,155,775,1188,high rigidity under bone type
42,Pulsar,Bajaj,82712,11.64,10.8,air cooled,5 speed manual,chain drive,124.4,1,56,50.5,2,2 per cylinder,1 down 4 up,wet multiplate,11.5,nan,50,100,cbs,drum,170,100/90 - 17,tubeless,no,drum,130,alloy,17,17,80/100 - 17,25,28,25,32,140,2055,755,1320,165,790,1060,single down tube
43,Pulsar,Bajaj,105884,13.8,13.25,air cooled,5 speed manual,chain drive,149.5,1,56,60.7,2,2 per cylinder,1 down 4 up,wet multiplate,15,nan,47.5,110,single channel abs,disc,260,100/90 - 17,tubeless,no,drum,130,alloy,17,17,80/100 - 17,25,28,25,32,148,2055,765,1320,165,785,1060,double cradle
44,Pulsar,Bajaj,123006,15.68,14.65,oil cooled,5 speed manual,chain drive,164.82,1,58,62.38,2,2 per cylinder,1 down 4 up,wet multiplate,14,nan,45,120,single channel abs,disc,280,130/70 - 17,tubeless,yes,disc,230,alloy,17,17,100/80 - 17,25,28,25,32,152,1989,743,1358,165,795,1050,tubular frame
45,Pulsar,Bajaj,171256,24.1,18.7,liquid cooled,6 speed manual,chain drive,199.5,1,72,49,4,3 per cylinder,1 down 5 up,wet multiplate,13,nan,35,140.8,dual channel abs,disc,300,130/70 - 17,tubeless,yes,disc,230,alloy,17,17,100/80 - 17,25,28,25,32,166,1999,765,1345,157,810,1114,pressed steel perimeter beam section frame
46,Pulsar,Bajaj,105597,11.8,11,air cooled,5 speed manual,chain drive,124.45,1,52,58.6,2,2 per cylinder,1 down 4 up,wet multiplate,12,nan,49.5,103,cbs,disc,240,100/90 - 17,tubeless,no,drum,130,alloy,17,17,80/100 - 17,25,28,25,32,144,2012,810,1353,179,805,1078,single down tube
47,Platina,Bajaj,52734,7.9,8.34,air cooled,4 speed manual,chain drive,102,1,47,58.8,2,1 per cylinder,all 4 down,wet multiplate,11,nan,73.5,90,cbs,drum,130,80/100 - 17,tubeless,no,drum,110,alloy,17,17,80/100 - 17,25,28,25,32,117,2006,713,1255,200,807,1100,tubular single down tube with lower cradle frame
48,Pulsar,Bajaj,142055,24.13,18.74,liquid cooled,6 speed manual,chain drive,199.5,1,72,49,4,3 per cylinder,1 down 5 up,wet multiplate,12,nan,36,125,single channel abs,disc,300,130/70 - 17,tubeless,yes,disc,230,alloy,17,17,100/80 - 17,25,28,25,32,159.5,2017,804,1363,168,805,1075,pressed steel perimeter frame
49,Pulsar,Bajaj,124604,17.03,14.6,oil cooled,5 speed manual,chain drive,160.3,1,58,60.7,4,2 per cylinder,1 down 4 up,wet multiplate,12,nan,41,120,single channel abs,disc,260,120/80 - 17,tubeless,no,disc,230,alloy,17,17,90/90 - 17,25,28,25,32,151,2017,803.5,1372,176,805,1060,perimeter frame
50,Bajaj Dominar 400,Bajaj,222744,39.42,35,liquid cooled,6 speed manual,chain drive,373.3,1,89,60,4,3 per cylinder,1 down 5 up,wet multiplate with assist and slipper clutch,13,nan,29,155,dual channel abs,disc,320,150/60 - r17,tubeless,yes,disc,230,alloy,17,17,110/70 - r17,29,32,29,32,193,2156,863,1453,157,800,1243,beam type perimeter frame
51,Bajaj Dominar 250,Bajaj,175054,26.63,23.5,liquid cooled,6 speed manual,chain drive,248.8,1,72,61.1,4,2 per cylinder,1 down 5 up,wet multiplate with assist and slipper clutch,13,nan,32,132,dual channel abs,disc,300,130/70 - 17,tubeless,yes,disc,230,alloy,17,17,100/80 - 17,25,28,25,32,180,2156,836,1453,157,800,1112,beam type perimeter frame
52,Platina,Bajaj,67659,8.44,9.81,air cooled,5 speed manual,chain drive,115.45,1,50,58.8,2,1 per cylinder,all 5 down,wet multiplate,11,nan,70,90,cbs,drum,130,80/100 - 17,tubeless,no,drum,110,alloy,17,17,80/100 - 17,25,28,25,32,119,2006,741,1255,200,807,1100,tubular single down tube with lower cradle frame
53,Pulsar,Bajaj,144285,24.1,21.5,oil cooled,5 speed manual,chain drive,249,1,72,61.17,2,2 per cylinder,1 down 4 up,assist and slipper clutch,14,39,35,132,single channel abs,disc,300,130/70 - 17,tubeless,no,disc,230,alloy,17,17,100/80 - 17,25,28.5,25,32,162,1989,743,1351,165,795,1050,tubular frame
54,Bajaj CT 110,Bajaj,59041,8.48,9.81,air cooled,4 speed manual,chain drive,115.45,1,50,58.8,2,1 per cylinder,all 4 down,wet multiplate,10.5,nan,70,90,cbs,drum,130,3.00 x 17 - 50,tubed,no,drum,110,alloy,17,17,2.75 x 17 - 41,28,28,28,32,118,1945,752,1235,170,810,1072,tubular single down tube with lower cradle frame
55,Bajaj CT 125X,Bajaj,72023,10.7,11,air cooled,5 speed manual,chain drive,124.4,1,52,58.6,2,2 per cylinder,all 5 down,wet multiplate,11,nan,nan,95,cbs,drum,130,100/90 - 17,tubeless,no,drum,130,alloy,17,17,80/100 - 17,28,28,28,32,130,2000,810,1285,170,810,1102,"square tube, semi double cradle"
56,Avenger,Bajaj,112562,14.79,13.7,air cooled,5 speed manual,chain drive,160,1,58,60.7,2,2 per cylinder,1 down 4 up,wet multiplate,13,nan,45,105,single channel abs,disc,280,130/90 - 15,tubeless,no,drum,130,alloy,17,15,90/90 - 17,21,25,21,25,156,2210,806,1490,169,737,1070,tubular double cradle
57,Pulsar,Bajaj,144449,24.1,21.5,oil cooled,5 speed manual,chain drive,249,1,72,61.17,2,2 per cylinder,1 down 4 up,assist and slipper clutch,14,39,37.5,132,single channel abs,disc,300,130/70 - 17,tubeless,no,disc,230,alloy,17,17,100/80 - 17,25,28.5,25,32,164,1989,743,1351,165,795,1143,tubular
58,Avenger,Bajaj,138999,18.4,17.55,oil cooled,5 speed manual,chain drive,220,1,67,62.4,2,2 per cylinder,1 down 4 up,wet multiplate,13,nan,40,120,single channel abs,disc,280,130/90 - 15,tubed,no,drum,130,spoke,17,15,90/90 - 17,21,25,21,25,163,2210,806,1490,169,737,1321,tubular double cradle type
59,Honda SP 125,Honda,83086,10.72,10.9,air cooled,5 speed manual,chain drive,124,1,50,63.1,2,1 per cylinder,1 down 4 up,wet multiplate,11,nan,65,100,cbs,drum,130,80/100 - 18,tubeless,no,drum,130,alloy,18,18,80/100 - 18,25,33,25,41,116,2020,785,1285,160,790,1103,diamond
60,Activa,Honda,73663,7.68,8.84,air cooled,automatic,cvt,109.51,1,47,63.1,2,1 per cylinder,automatic,automatic,5.3,nan,47,85,cbs,drum,130,90/100 - 10,tubeless,no,drum,130,steel,12,10,90/90 - 12,22,29,22,36,106,1833,697,1260,162,692,1156,under bone
61,Honda Shine,Honda,78000,10.59,11,air cooled,5 speed manual,chain drive,123.94,1,50,63.1,2,1 per cylinder,all 5 up,wet multiplate,10.5,nan,55,102,cbs,drum,130,80/100 - 18,tubeless,no,drum,130,alloy,18,18,80/100 - 18,25,33,25,41,114,2046,737,1285,162,791,1116,diamond type
62,Honda Unicorn,Honda,104982,12.73,14,air cooled,5 speed manual,chain drive,162.7,1,57.3,63.1,2,1 per cylinder,1 down 4 up,wet multiplate,13,nan,50,106,single channel abs,disc,240,100/90 - 18,tubeless,no,drum,130,alloy,18,18,80/100 - 18,25,29,25,33,140,2081,756,1335,187,798,1103,diamond
63,Honda Dio,Honda,71502,7.65,9,fan cooled,automatic,cvt,109.51,1,47,63.1,2,1 per cylinder,automatic,automatic,5.3,nan,48,83,cbs,drum,130,90/100 - 10,tubeless,no,drum,130,steel,12,10,90/90 - 12,22,29,22,36,105,1808,723,1260,160,650,1150,under bone
64,Honda Hornet 2.0,Honda,136391,17.03,16.1,air cooled,5 speed manual,chain drive,184.4,1,61,63.09,2,1 per cylinder,1 down 4 up,wet multiplate,12,nan,45,130,single channel abs,disc,276,140/70 - 17,tubeless,yes,disc,220,alloy,17,17,110/70 - 17,25,25,25,29,142,2047,783,1355,167,790,1064,diamond type
65,Honda Hness CB350,Honda,200349,20.78,30,air cooled,5 speed manual,chain drive,348.36,1,70,90.5,4,1 per cylinder,1 down 4 up,wet multiplate,15,nan,35,125,dual channel abs,disc,310,130/70 - 18,tubeless,no,disc,240,alloy,19,18,100/90 - 19,29,33,29,36,181,2163,800,1441,166,800,1107,half duplex cradle
66,Activa,Honda,78396,8.18,10.3,air cooled,automatic,cvt,124,1,50,63.1,2,1 per cylinder,automatic,automatic,5.3,nan,47,90,cbs,drum,130,90/100 - 10,tubeless,no,drum,130,steel,12,10,90/90 - 12,22,29,22,36,111,1850,707,1260,169,712,1170,under bone
67,Honda Livo,Honda,75659,8.67,9.3,air cooled,4 speed manual,chain drive,109.51,1,47,63.12,2,1 per cylinder,all 4 up,wet multiplate,9,nan,58,85,cbs,drum,130,80/100 - 18,tubeless,no,drum,130,alloy,18,18,80/100 - 18,25,33,25,41,115,2020,751,1278,163,790,1116,diamond
68,Honda X-Blade,Honda,115759,13.67,14.7,air cooled,5 speed manual,chain drive,162.71,1,57.3,63.09,2,1 per cylinder,1 down 4 up,wet multiplate,12,nan,50,115,single channel abs,disc,276,130/70 - 17,tubeless,yes,drum,130,alloy,17,17,80/100 - 17,25,29,25,33,143,2013,786,1347,160,795,1115,diamond type
69,Honda CB300F,Honda,226217,23.8,25.6,oil cooled,6 speed manual,chain drive,293.52,1,77,63.03,4,1 per cylinder,1 down 5 up,wet multiplate,14.1,nan,nan,155,dual channel abs,disc,276,150/60r - 17,tubeless,yes,disc,220,alloy,17,17,110/70r - 17,29,29,29,33,153,2084,765,1390,177,789,1075,diamond type
70,Honda CB350RS,Honda,205107,20.78,30,air cooled,5 speed manual,chain drive,348.36,1,70,90.51,4,1 per cylinder,1 down 4 up,wet multiplate,15,nan,35,150,dual channel abs,disc,310,150/70 - 17,tubeless,no,disc,240,alloy,19,17,100/90 - 19,29,29,29,33,179,2171,804,1441,168,800,1097,half duplex cradle
71,Honda CB300R,Honda,277332,31.1,27.5,liquid cooled,6 speed manual,chain drive,286,1,76,63.04,4,1 per cylinder,1 down 5 up,wet multiplate,9.7,nan,30,150,dual channel abs,disc,296,150/60 - r17,tubeless,yes,disc,220,alloy,17,17,110/70 - r17,29,33,29,33,146,2017,802,1352,157,801,1047,diamond type
72,Honda CD 110 Dream,Honda,71306,8.67,9.3,air cooled,4 speed manual,chain drive,109.51,1,47,63.12,2,1 per cylinder,all 4 up,wet multiplate,9.1,nan,65,86,cbs,drum,130,80/100 - 18,tubeless,no,drum,130,alloy,18,18,80/100 - 18,25,33,25,41,112,2044,736,1285,162,790,1076,diamond
73,CBR,Honda,934817,85.82,57.5,liquid cooled,6 speed manual,chain drive,648.72,4,67,46,4,1 per cylinder,1 down 5 up,wet multiplate,15.4,23,nan,230,dual channel abs,disc,310,180/55 - 17,tubeless,yes,disc,240,alloy,17,17,120/70 - 17,36,42,36,42,211,2128,749,1449,132,810,1149,twin-tube type
74,Honda CB200X,Honda,148554,17,16.1,air cooled,5 speed manual,chain drive,184.4,1,61,63.09,2,1 per cylinder,1 down 4 up,wet multiplate,12,nan,43,130,single channel abs,disc,276,140/70 - 17,tubeless,no,disc,220,alloy,17,17,110/70 - 17,25,25,25,29,147,2035,843,1355,167,810,1248,diamond type
75,Honda Grazia,Honda,82398,8.14,10.3,fan cooled,automatic,cvt,124,1,50,63.1,2,1 per cylinder,automatic,automatic,5.3,nan,45,90,cbs,drum,130,90/100 - 10,tubeless,no,drum,130,alloy,12,10,90/90 - 12,22,29,22,36,108,1829,707,1260,171,708,1167,under bone
76,CBR,Honda,2372222,215,113,liquid cooled,6 speed manual,chain drive,1000,4,81,48.5,4,1 per cylinder,1 down 5 up,wet multiplate with assist and slipper clutch,16.1,nan,nan,297,dual channel abs,disc,330,200/55 - zr17,tubeless,yes,disc,220,alloy,17,17,120/70 - zr17,36,42,36,42,201,2100,745,1455,115,830,1140,aluminium composite twin spar
77,Honda Goldwing,Honda,3988635,124.7,170,liquid cooled,7 speed automatic,shaft drive,1833,6,73,73,4,1 per cylinder,automatic/electronic,wet multiplate,21.1,nan,nan,230,dual channel abs,disc,320,200/55 - r16,tubeless,yes,disc,316,alloy,18,16,130/70 - r18,36,36,36,36,390,2615,905,1695,130,745,1430,"aluminium die-cast, twin tube"
78,Honda Africa Twin,Honda,1601500,97.89,103,liquid cooled,6 speed manual,chain drive,1082,2,92,81.45,8,1 per cylinder,1 down 5 up,wet multiplate,24.5,24,nan,200,switchable abs,disc,310,150/70 - r18,tubeless,no,disc,256,spoke,21,18,90/90 - 21,29,36,32,41,239,2307,963,1558,210,810,1523,semi double cradle
79,Honda CB650R,Honda,914337,85.82,57.5,liquid cooled,6 speed manual,chain drive,648.72,4,67,46,4,1 per cylinder,1 down 5 up,wet multiplate,15.4,nan,nan,220,dual channel abs,disc,310,180/55 - 17,tubeless,yes,disc,240,alloy,17,17,120/70 - 17,36,42,36,42,206,2128,784,1449,148,810,1076,twin-tube type
80,Yamaha MT 15 V2,Yamaha,165390,18.1,14.1,liquid cooled,6 speed manual,chain drive,155,1,58,58.7,4,1 per cylinder,1 down 5 up,wet multiplate,10,nan,46.5,130,single channel abs,disc,282,140/70 - r17,tubeless,yes,disc,220,alloy,17,17,100/80 - 17,32,36,32,39,139,2015,800,1325,170,810,1070,deltabox
81,Yamaha R15 V4,Yamaha,180687,18.1,14.2,liquid cooled,6 speed manual,chain drive,155,1,58,58.7,4,1 per cylinder,1 down 5 up,wet multiplate,11,nan,45,140,dual channel abs,disc,282,140/70 - r17,tubeless,yes,disc,220,alloy,17,17,100/80 - 17,29,33,29,33,142,1990,725,1325,170,815,1135,deltabox
82,Yamaha FZ S FI,Yamaha,121979,12.2,13.3,air cooled,5 speed manual,chain drive,149,1,57.3,57.9,2,1 per cylinder,1 down 4 up,wet multiplate,13,nan,46,115,single channel abs,disc,282,140/60 - r17,tubeless,yes,disc,220,alloy,17,17,100/80 - 17,28,28,28,28,135,1990,780,1330,165,790,1080,diamond type
83,Yamaha FZ FI,Yamaha,113636,12.2,13.3,air cooled,5 speed manual,chain drive,149,1,57.3,57.9,2,1 per cylinder,1 down 4 up,wet multiplate,13,nan,46,115,single channel abs,disc,282,140/60 - r17,tubeless,yes,disc,220,alloy,17,17,100/80 - 17,26,30,26,30,135,1990,780,1330,165,790,1080,diamond
84,Yamaha R15S,Yamaha,163734,18.3,14.1,liquid cooled,6 speed manual,chain drive,155,1,58,58.7,4,1 per cylinder,1 down 5 up,wet multiplate,11,nan,45,136,dual channel abs,disc,282,140/70 - r17,tubeless,yes,disc,220,alloy,17,17,100/80 - 17,29,33,29,33,142,1990,725,1325,170,815,1135,deltabox
85,Yamaha FZ X,Yamaha,135240,12.2,13.3,air cooled,5 speed manual,chain drive,149,1,57.3,57.9,2,1 per cylinder,1 down 4 up,wet multiplate,10,nan,48,115,single channel abs,disc,282,140/60 - r17,tubeless,yes,disc,220,alloy,17,17,100/80 - 17,29,33,29,33,139,2020,785,1330,165,810,1115,single downtube frame
86,Yamaha FZ25,Yamaha,150623,20.51,20.1,air cooled,5 speed manual,chain drive,249,1,74,58,2,1 per cylinder,1 down 4 up,wet multiplate,14,42,38,130,dual channel abs,disc,282,140/70 - 17,tubeless,no,disc,220,alloy,17,17,100/80 - 17,25,29,25,29,153,2015,775,1360,160,795,1075,diamond
87,Yamaha Ray ZR 125,Yamaha,83273,8.04,10.3,air cooled,automatic,cvt,125,1,52.4,57.9,2,1 per cylinder,automatic,automatic,5.2,nan,52,90,ubs,drum,190,110/90 - 10,tubeless,no,drum,120,alloy,12,10,90/90 - 12,22,29,22,36,98,1880,685,1280,145,785,1190,light weight frame
88,Yamaha Fascino 125,Yamaha,79456,8.04,10.3,air cooled,automatic,cvt,125,1,52.4,57.9,2,1 per cylinder,automatic,automatic,5.2,nan,50,90,ubs,drum,130,110/90 - 10,tubeless,no,drum,130,alloy,12,10,90/90 - 12,22,29,22,29,99,1920,685,1280,145,780,1150,underbone
89,Yamaha Aerox 155,Yamaha,141554,14.79,13.9,liquid cooled,automatic,cvt,155,1,58,58.7,2,1 per cylinder,automatic,automatic,5.5,nan,44.5,115,single channel abs,disc,230,140/70 - 14,tubeless,yes,drum,130,alloy,14,14,110/80 - 14,29,33,29,33,126,1980,700,1350,145,790,1150,underbone
90,Suzuki Access 125,Suzuki,77378,8.6,10,air cooled,automatic,cvt,124,1,52.5,57.4,2,1 per cylinder,automatic,automatic,5,nan,48,90,cbs,drum,120,90/100 - 10,tubeless,no,drum,120,steel,12,10,90/90 - 12,22,29,22,36,104,1870,690,1265,160,773,1160,steel
91,Suzuki Gixxer SF,Suzuki,135702,13.4,13.8,air cooled,5 speed manual,chain drive,155,1,56,62.9,2,1 per cylinder,1 down 4 up,wet multiplate,12,nan,45,125,single channel abs,disc,266,140/60 - r17,tubeless,yes,disc,240,alloy,17,17,100/80 - 17,29,33,29,33,148,2025,715,1340,165,795,1035,diamond
92,Suzuki Burgman Street 125,Suzuki,89436,8.58,10,air cooled,automatic,cvt,124,1,52.5,57.4,2,1 per cylinder,automatic,automatic,5.5,nan,49,95,cbs,disc,120,90/100 - 10,tubeless,no,drum,120,alloy,12,10,90/90 - 12,22,29,22,36,110,1880,715,1265,160,780,1140,bone type
93,Suzuki Gixxer,Suzuki,130718,13.41,13.8,air cooled,5 speed manual,chain drive,155,1,56,62.9,2,1 per cylinder,1 down 4 up,wet multiplate,12,nan,45,115,single channel abs,disc,266,140/60 - r17,tubeless,yes,disc,240,alloy,17,17,100/80 - 17,29,33,29,33,141,2020,800,1335,160,795,1035,diamond
94,Suzuki Gixxer SF 250,Suzuki,188738,26.13,22.2,oil cooled,6 speed manual,chain drive,249,1,76,54.9,4,1 per cylinder,1 down 5 up,wet multiplate,12,nan,35.5,150,dual channel abs,disc,300,150/60 - r17,tubeless,yes,disc,220,alloy,17,17,110/70 - r17,29,33,29,33,161,2010,740,1345,165,800,1035,diamond
95,Suzuki Gixxer 250,Suzuki,177973,26.13,22.2,oil cooled,6 speed manual,chain drive,249,1,76,54.9,4,1 per cylinder,1 down 5 up,wet multiplate,12,nan,35,130,dual channel abs,disc,300,150/60 - r17,tubeless,yes,disc,220,alloy,17,17,110/70 - r17,29,33,29,33,156,2010,805,1340,165,800,1035,diamond
96,Suzuki Katana,Suzuki,1366892,150.19,106,liquid cooled,6 speed manual,chain drive,999,4,73.4,59,4,1 per cylinder,1 down 5 up,assist and slipper clutch,12,nan,nan,240,dual channel abs,disc,310,190/50 - zr17,tubeless,yes,disc,240,alloy,17,17,120/70 - zr17,36,42,36,42,217,2130,820,1460,140,825,1100,monocoque frame
97,Suzuki V-Strom 650 XT,Suzuki,892801,69.7,62,liquid cooled,6 speed manual,chain drive,645,2,81,62.6,4,1 per cylinder,1 down 5 up,wet multiplate,20,25,nan,190,dual channel abs,disc,310,150/70 - r17,tubeless,yes,disc,260,spoke,19,17,110/80 - r19,36,42,36,42,216,2275,910,1560,170,835,1405,aluminum twin-spar frame
98,Duke,KTM,190851,24.67,19.3,liquid cooled,6 speed manual,chain drive,199.5,1,72,49,4,1 per cylinder,1 down 5 up,wet multiplate,13.4,nan,33.5,142,dual channel abs,disc,300,150/60 - 17,tubeless,yes,disc,230,alloy,17,17,110/70 - 17,29,29,29,32,159,2072,831,1357,155,822,1109,split-trellis frame (tubular)
99,Duke,KTM,236090,29.6,24,liquid cooled,6 speed manual,chain drive,248.76,1,72,61.1,4,1 per cylinder,1 down 5 up,assist and slipper clutch,13.4,nan,32,148,switchable abs,disc,320,150/60 - 17,tubeless,yes,disc,230,alloy,17,17,110/70 - 17,29,29,29,32,170,2072,831,1357,151,822,1109,split-trellis frame (tubular)
100,Duke,KTM,295182,42.9,37,liquid cooled,6 speed manual,chain drive,373.27,1,89,60,4,1 per cylinder,1 down 5 up,assist and slipper clutch,13.4,nan,26,167,switchable abs,disc,320,150/60 - 17,tubeless,yes,disc,230,alloy,17,17,110/70 - 17,29,29,29,32,171,2072,831,1357,151,822,1109,split-trellis frame (tubular)
101,Duke,KTM,176937,14.3,12,liquid cooled,6 speed manual,chain drive,124.7,1,58,47.2,4,1 per cylinder,1 down 5 up,wet multiplate,13.4,nan,40,112,single channel abs,disc,300,150/60 - r17,tubeless,yes,disc,230,alloy,17,17,110/70 - r17,29,29,29,32,159,1993,789,1366,155,822,1083,split-trellis frame (tubular)
103,KTM 390 Adventure,KTM,337292,42.3,37,liquid cooled,6 speed manual,chain drive,373,1,89,60,4,1 per cylinder,1 down 5 up,assist and slipper clutch,14.5,nan,28,180,switchable abs,disc,320,130/80 - 17,tubeless,yes,disc,230,alloy,19,17,100/90 - 19,29,29,29,32,177,2154,900,1430,200,855,1400,"steel trellis frame, powder-coated"
104,KTM 250 Adventure,KTM,242595,29.5,24,liquid cooled,6 speed manual,chain drive,248,1,72,61.1,4,1 per cylinder,1 down 5 up,assist and slipper clutch,14.5,nan,nan,140,dual channel abs,disc,320,130/80 - 17,tubeless,yes,disc,230,alloy,19,17,100/90 - 19,29,29,29,32,177,2154,900,1430,200,855,1263,"steel trellis frame, powder-coated"
105,Jawa 42,Jawa,174573,26.95,26.84,liquid cooled,6 speed manual,chain drive,294.72,1,76,65,4,1 per cylinder,1 down 5 up,wet multiplate,13.2,nan,33,130,single channel abs,disc,280,120/80 - 17,tubed,no,drum,153,spoke,18,17,90/90 - 18,23,28,23,30,182,2071,833,1369,165,765,1065,double cradle
106,Jawa Standard,Jawa,183648,27,27.05,liquid cooled,6 speed manual,chain drive,293,1,76,65,4,1 per cylinder,1 down 5 up,wet multiplate,14,nan,30,122,single channel abs,disc,280,120/80 - 17,tubed,no,drum,153,spoke,18,17,90/90 - 18,23,28,23,28,172,2071,833,1369,165,765,1090,double cradle
107,Ninja,Kawasaki,7990000,305.75,165,liquid cooled,6 speed manual,chain drive,998,4,76,55,4,1 per cylinder,1 down 5 up,wet multiplate,17,nan,15,400,dual channel abs,disc,330,190/650 - r17,tubeless,yes,disc,250,alloy,17,17,120/600 - r17,42,42,42,42,216,2070,850,1450,130,830,1160,"trellis, high-tensile steel with swingarm mounting plate"
108,Ninja,Kawasaki,340000,38.88,26.1,liquid cooled,6 speed manual,chain drive,296,2,62,49,4,1 per cylinder,1 down 5 up,assist and slipper clutch,17,nan,nan,160,dual channel abs,disc,290,140/70 - r17,tubeless,yes,disc,220,alloy,17,17,110/70 - r17,28,32,28,32,179,2015,715,1405,140,780,1110,"tube diamond, steel"
109,Ninja,Kawasaki,1614985,200.21,114.9,liquid cooled,6 speed manual,chain drive,998,4,76,55,4,1 per cylinder,1 down 5 up,wet multiplate,17,nan,nan,299,dual channel abs,disc,330,190/55 - zr17,tubeless,yes,disc,220,alloy,17,17,120/70 - zr17,36,42,36,42,207,2085,750,1450,135,835,1185,"twin spar, cast aluminium"
110,Kawasaki Z900,Kawasaki,902000,123.64,98.6,liquid cooled,6 speed manual,chain drive,948,4,73.4,56,4,1 per cylinder,1 down 5 up,wet multiplate,17,nan,nan,195,dual channel abs,disc,300,180/55 - zr17,tubeless,yes,disc,250,alloy,17,17,120/70 - zr17,36,42,36,42,212,2070,825,1455,145,820,1080,"trellis, high tensile steel"
111,Ninja,Kawasaki,513959,44.7,37,liquid cooled,6 speed manual,chain drive,399,2,70,51.8,2,1 per cylinder,1 down 5 up,assist and slipper clutch,14,nan,nan,169,dual channel abs,disc,286,150/60 - 17,tubeless,yes,disc,193,alloy,17,17,110/70 - 17,28,32,28,32,168,1990,710,1370,140,785,1120,"trellis, high-tensile steel"
112,Kawasaki Ninja 650,Kawasaki,712000,67.3,64,liquid cooled,6 speed manual,chain drive,649,2,83,60,4,1 per cylinder,1 down 5 up,assist and slipper clutch,15,nan,30,210,dual channel abs,disc,300,160/60 - zr17,tubeless,yes,disc,220,alloy,17,17,120/70 - zr17,32,36,32,36,196,2115,740,1410,130,790,1145,"trellis, high-tensile steel"
113,Kawasaki Z650,Kawasaki,643034,67.31,64,liquid cooled,6 speed manual,chain drive,649,2,83,60,4,1 per cylinder,1 down 5 up,wet multiplate,15,nan,nan,201,dual channel abs,disc,300,160/60 - zr17,tubeless,yes,disc,220,alloy,17,17,120/70 - zr17,32,36,32,36,191,2115,765,1410,130,790,1065,"trellis, high-tensile steel"
114,Ninja,Kawasaki,1209967,140.13,111,liquid cooled,6 speed manual,chain drive,1043,4,77,56,4,1 per cylinder,1 down 5 up,wet multiplate,19,nan,nan,244,dual channel abs,disc,300,190/50 - zr17,tubeless,yes,disc,250,alloy,17,17,120/70 - zr17,36,42,36,42,238,2100,825,1440,135,835,1190,"twin-tube, aluminium"
115,Kawasaki Vulcan S,Kawasaki,640000,59.94,62.4,liquid cooled,6 speed manual,chain drive,649,2,83,60,4,1 per cylinder,1 down 5 up,wet multiplate,14,nan,nan,186,dual channel abs,disc,300,160/60 - r17,tubeless,yes,disc,250,alloy,18,17,120/70 - r18,32,36,32,36,235,2310,855,1575,130,705,1090,"perimeter, high-tensile steel"
116,Kawasaki Z H2,Kawasaki,2301733,197.26,137,liquid cooled,6 speed manual,chain drive,998,4,76,55,4,1 per cylinder,1 down 5 up,assist and slipper clutch,19,nan,nan,280,dual channel abs,disc,320,190/55 - zr17,tubeless,yes,disc,260,alloy,17,17,120/70 - zr17,33,36,33,36,239,2085,810,1455,140,830,1130,"trellis, high-tensile steel"
117,Kawasaki Z650RS,Kawasaki,692036,67.31,64,liquid cooled,6 speed manual,chain drive,649,2,83,60,4,1 per cylinder,1 down 5 up,wet multiplate,12,nan,nan,201,dual channel abs,disc,300,160/60 - zr17,tubeless,yes,disc,220,alloy,17,17,120/70 - zr17,32,36,32,36,192,2065,800,1405,125,800,1115,"trellis, high-tensile steel"
118,Kawasaki Versys 650,Kawasaki,753951,65.7,61,liquid cooled,6 speed manual,chain drive,649,2,83,60,4,1 per cylinder,1 down 5 up,wet multiplate,21,nan,nan,199,dual channel abs,disc,300,160/60 - zr17,tubeless,yes,disc,250,alloy,17,17,120/70 - zr17,33,36,33,42,219,2165,840,1415,170,845,1400,"diamond, high-tensile steel"
119,Kawasaki W800,Kawasaki,732773,50.95,62.9,air cooled,5 speed manual,chain drive,773,2,77,83,4,1 per cylinder,1 down 4 up,assist and slipper clutch,15,nan,nan,177,dual channel abs,disc,320,130/80 - 18,tubeless,yes,disc,270,spoke,18,18,100/90 - 18,30,31,30,31,224,2135,925,1465,130,770,1120,double-cradle high tensile steel
120,Kawasaki Versys 1000,Kawasaki,1219000,118.27,102,liquid cooled,6 speed manual,chain drive,1043,4,77,56,4,1 per cylinder,1 down 5 up,assist and slipper clutch,21,nan,nan,240,dual channel abs,disc,310,180/55 - zr17,tubeless,yes,disc,250,alloy,17,17,120/70 - zr17,32,36,36,40,255,2270,895,1520,150,840,1400,"twin-tube, aluminium"
121,SR,Aprilia,131349,10.84,11.6,air cooled,automatic,cvt,160.03,1,58,60.6,3,1 per cylinder,automatic,automatic,6,nan,35,90,single channel abs,disc,220,120/70 - 14,tubeless,no,drum,140,alloy,14,14,120/70 - 14,20,26,20,32,122,1985,806,1365,169,780,1166,tubular chassis with open single cradle
122,SR,Aprilia,122451,9.78,9.7,air cooled,automatic,cvt,124.45,1,52,58.6,3,1 per cylinder,automatic,automatic,6,nan,40,90,cbs,disc,220,120/70 - 14,tubeless,yes,drum,140,alloy,14,14,120/70 - 14,20,26,20,32,115,1985,806,1365,155,780,1166,tubular chassis
123,Aprilia Storm 125,Aprilia,102253,9.78,9.6,air cooled,automatic,cvt,124.45,1,52,58.6,3,1 per cylinder,automatic,automatic,6,nan,40,90,cbs,drum,150,130/80 - 12,tubeless,no,drum,140,alloy,12,12,120/80 - 12,20,26,20,32,118,1985,806,1365,130,755,1148,tubular steel frame
124,Aprilia SXR 160,Aprilia,143872,10.84,11.6,air cooled,automatic,cvt,160.03,1,58,60.6,3,1 per cylinder,automatic,automatic,7,nan,35,100,single channel abs,disc,220,120/70 - 12,tubeless,no,drum,140,alloy,12,12,120/70 - 12,20,26,20,32,129,1960,803,1353,160,775,1205,underbone
125,Aprilia SXR 125,Aprilia,132615,9.38,9.2,air cooled,automatic,cvt,124.45,1,52,58.6,3,1 per cylinder,automatic,automatic,7,nan,nan,90,cbs,disc,220,120/70 - 12,tubeless,no,drum,140,alloy,12,12,120/70 - 12,20,26,20,32,128,1963,803,1361,161,775,1160,tubular chassis with open single cradle
127,Aprilia RSV4 1100 Factory,Aprilia,2369000,213.89,125,liquid cooled,6 speed manual,chain drive,1099,4,81,53.32,4,1 per cylinder,1 down 5 up,wet multiplate,17.9,nan,nan,305,dual channel abs,disc,330,200/55 zr - 17,tubeless,yes,disc,220,alloy,17,17,120/70 zr - 17,36,42,36,42,202,2055,735,1435,130,845,1150,aluminium dual beam chassis with pressed and cast sheet elements
128,Aprilia Tuono Factory,Aprilia,2066000,172.58,122,liquid cooled,6 speed manual,chain drive,1077,4,81,52.3,4,1 per cylinder,1 down 5 up,wet multiplate,18.5,nan,nan,265,dual channel abs,disc,330,200/55 zr - 17,tubeless,yes,disc,220,alloy,17,17,120/70 zr - 17,33,36,36,40,209,2070,810,1452,125,837,1080,aluminium dual beam chassis with pressed and cast sheet elements
130,Benelli Imperiale 400,Benelli,234886,20.7,29,air cooled,5 speed manual,chain drive,374,1,72.7,90,4,1 per cylinder,1 down 4 up,wet multiplate,12,31,30,115,dual channel abs,disc,300,130/80 - 18,tubed,yes,disc,240,spoke,19,18,100/90 - 19,32,36,32,36,205,2170,820,1440,165,780,1120,double cradle with steel tubes and plates
131,Benelli TRK 251,Benelli,298977,25.47,21.2,liquid cooled,6 speed manual,chain drive,249,1,72,61.2,4,1 per cylinder,1 down 5 up,wet multiplate,18,nan,nan,148,dual channel abs,disc,280,150/60 - r17,tubeless,yes,disc,240,alloy,17,17,110/70 - r17,32,36,32,36,164,2070,840,1390,170,800,1300,steel trestle in steel tubes
132,Benelli 502C,Benelli,579955,46.8,46,liquid cooled,6 speed manual,chain drive,500,2,69,66.8,4,1 per cylinder,1 down 5 up,wet multiplate,21,nan,nan,175,dual channel abs,disc,280,160/60 - zr17,tubeless,yes,disc,240,alloy,17,17,120/70 - zr17,32,36,33,38,220,2240,950,1600,170,750,1140,arch bar truck
133,Benelli TRK 502X,Benelli,629954,46.85,46,liquid cooled,6 speed manual,chain drive,500,2,69,66.8,4,1 per cylinder,1 down 5 up,wet multiplate,20,25,nan,160,dual channel abs,disc,320,150/70 - r17,tubeless,yes,disc,260,spoke,19,17,110/80 - r19,32,36,32,36,235,2220,915,1505,220,840,1480,trestle steel tubes and plates
134,Benelli TRK 502,Benelli,569881,46.8,46,liquid cooled,6 speed manual,chain drive,500,2,69,66.8,4,1 per cylinder,1 down 5 up,wet multiplate,20,25,nan,150,switchable abs,disc,320,160/60 - zr17,tubeless,yes,disc,260,alloy,17,17,120/70 - zr17,32,36,32,36,235,2200,915,1505,190,800,1450,steel-tube trellis chassis
135,Benelli Leoncino 500,Benelli,554876,46.8,46,liquid cooled,6 speed manual,chain drive,500,2,69,66.8,4,1 per cylinder,1 down 5 up,wet multiplate,12.7,nan,nan,170,switchable abs,disc,320,160/60 - r17,tubeless,yes,disc,260,alloy,17,17,120/70 - r17,32,36,32,36,207,2160,875,1490,160,790,1160,"steel tubes, lattice design"
153,CFMoto 300NK,CFMoto,229000,27.49,25,liquid cooled,6 speed manual,chain drive,292.4,1,78,61.2,4,1 per cylinder,1 down 5 up,wet multiplate,12.5,nan,nan,127,dual channel abs,disc,300,140/60 - r17,tubeless,yes,disc,245,alloy,17,17,110/70 - r17,33,33,33,36,151,1990,780,1360,150,795,1070,steel tubular
154,CFMoto 650NK,CFMoto,429000,55.65,54.4,liquid cooled,6 speed manual,chain drive,649.3,2,83,60,4,1 per cylinder,1 down 5 up,wet multiplate,17,nan,nan,180,dual channel abs,disc,300,160/60 - zr17,tubeless,yes,disc,240,alloy,17,17,120/70 - zr17,40,40,40,40,206,2114,757,1415,150,815,1100,tubular frame
155,CFMoto 650GT,CFMoto,559000,55.65,54.4,liquid cooled,6 speed manual,chain drive,649.3,2,83,60,4,1 per cylinder,1 down 5 up,wet multiplate,19,nan,nan,195,dual channel abs,disc,300,160/60 - zr17,tubeless,yes,disc,225,alloy,17,17,120/70 - zr17,32,34,34,36,226,2100,930,1415,150,795,1340,tubular steel diamond frame
156,CFMoto 650MT,CFMoto,529000,55.65,54.4,liquid cooled,6 speed manual,chain drive,649,2,83,60,4,1 per cylinder,1 down 5 up,wet multiplate,18,nan,nan,170,dual channel abs,disc,300,160/60 - zr17,tubeless,yes,disc,225,alloy,17,17,120/70 - zr17,32,34,34,36,218,2180,835,1425,128,840,1332,tubular steel diamond frame
157,Ducati Panigale V4,Ducati,2741000,212.5,123.6,liquid cooled,6 speed manual,chain drive,1103,4,81,53.5,4,1 per cylinder,1 down 5 up,wet multiplate with assist and slipper clutch,17,13,nan,299,dual channel abs,disc,330,200/60 - zr17,tubeless,yes,disc,245,alloy,17,17,120/70 - zr17,33,30,33,30,198.5,2110,806,1469,122,850,1132,"aluminum alloy ""front frame"" with optimized stiffnesses"
158,Ducati SuperSport,Ducati,1575000,108.62,93,liquid cooled,6 speed manual,chain drive,937,2,94,67.5,4,1 per cylinder,1 down 5 up,wet multiplate with assist and slipper clutch,16,17.8,nan,299,dual channel abs,disc,320,180/55 - zr17,tubeless,yes,disc,245,alloy,17,17,120/70 - zr17,36,36,36,40,210,2119,745,1478,132,810,1155,tubular steel trellis frame
159,Ducati Monster BS6,Ducati,1249000,109.96,93,liquid cooled,6 speed manual,chain drive,937,2,94,67.5,4,1 per cylinder,1 down 5 up,wet multiplate with assist and slipper clutch,14,19,nan,200,dual channel abs,disc,320,180/55 - zr17,tubeless,yes,disc,245,alloy,17,17,120/70 - zr17,33.35,36.26,36.26,40.06,188,2083,868,1474,202,820,1236,aluminum alloy front frame
160,Scrambler,Ducati,939000,71.87,66.2,air cooled,6 speed manual,chain drive,803,2,88,66,2,1 per cylinder,1 down 5 up,wet multiplate with assist and slipper clutch,13.5,19,nan,299,dual channel abs,disc,330,180/55 - r17,tubeless,yes,disc,245,alloy,18,17,110/80 - r18,36,36,36,42,189,2100,855,1445,176,798,1150,tubular steel trellis frame
161,Ducati Streetfighter V4,Ducati,2215000,205.17,123,liquid cooled,6 speed manual,chain drive,1103,4,81,53.5,4,1 per cylinder,1 down 5 up,wet multiplate with assist and slipper clutch,16,13.15,nan,299,dual channel abs,disc,330,200/60 - zr17,tubeless,yes,disc,245,alloy,17,17,120/70 - zr17,35,36,35,39,201,2112,888,1488,121,845,1003,"aluminum alloy ""front frame"""
162,Ducati Panigale V2,Ducati,2026450,152.8,104,liquid cooled,6 speed manual,chain drive,955,2,100,60.8,4,1 per cylinder,1 down 5 up,wet multiplate with assist and slipper clutch,17,16.6,nan,299,dual channel abs,disc,320,180/60 - zr17,tubeless,yes,disc,245,alloy,17,17,120/70 - zr17,36,36,36,39,200,2090,810,1436,128,840,1130,monocoque aluminium
163,Ducati XDiavel,Ducati,2120000,160,127.4,liquid cooled,6 speed manual,chain drive,1262,2,106,71.5,4,1 per cylinder,1 down 5 up,wet multiplate with assist and slipper clutch,18,18,nan,299,dual channel abs,disc,320,240/45 - zr17,tubeless,yes,disc,265,alloy,17,17,120/70 - zr17,36,36,38,42,247,2310,1010,1615,140,755,1133,tubular steel trellis frame
164,Ducati Streetfighter V2,Ducati,1810000,150.59,101.4,liquid cooled,6 speed manual,chain drive,955,2,100,60.8,4,1 per cylinder,1 down 5 up,wet multiplate with assist and slipper clutch,17,17,nan,270,dual channel abs,disc,320,180/60 - zr17,tubeless,yes,disc,245,alloy,17,17,120/70 - zr17,33,36,36,39,200,2093,890,1465,131,845,1043,monocoque aluminium
165,Ducati Diavel 1260,Ducati,2149000,159.58,129,liquid cooled,6 speed manual,chain drive,1262,2,106,71.5,4,1 per cylinder,1 down 5 up,wet multiplate with assist and slipper clutch,17,18,nan,299,dual channel abs,disc,320,240/45 - zr17,tubeless,yes,disc,265,alloy,17,17,120/70 - zr17,36,36,38,42,249,2273,938,1600,121,780,1151,tubular steel trellis frame
166,Scrambler,Ducati,1169000,71.87,66.2,air cooled,6 speed manual,chain drive,803,2,88,66,2,1 per cylinder,1 down 5 up,wet multiplate with assist and slipper clutch,13.5,19,nan,299,dual channel abs,disc,330,180/55 - r17,tubeless,no,disc,245,spoke,18,17,110/80 - r18,36,36,36,42,192,2100,867,1445,176,798,1060,tubular steel trellis frame
167,Ducati Hypermotard 950,Ducati,1560000,112.4,96,liquid cooled,6 speed manual,chain drive,937,2,94,67.5,4,1 per cylinder,1 down 5 up,wet multiplate with assist and slipper clutch,14.5,19.6,nan,316,dual channel abs,disc,320,180/55 - zr17,tubeless,yes,disc,245,alloy,17,17,120/70 - zr17,33,30,36,42,200,2145,900,1493,215,870,1155,steel tubular trellis with 34 mm main tubes
168,Ducati Multistrada V4,Ducati,2148000,167.62,125,liquid cooled,6 speed manual,chain drive,1158,4,83,53.5,4,1 per cylinder,1 down 5 up,wet multiplate with assist and slipper clutch,22,15,nan,180,dual channel abs,disc,320,170/60 - zr17,tubeless,yes,disc,265,alloy,19,17,120/70 - zr19,36,42,36,42,240,2301,1020,1567,218,840,1520,aluminum monocoque frame
169,Scrambler,Ducati,1340000,84.48,88,air cooled,6 speed manual,chain drive,1079,2,98,71,2,1 per cylinder,1 down 5 up,wet multiplate with assist and slipper clutch,15,19,nan,299,dual channel abs,disc,320,180/55 - zr17,tubeless,yes,disc,245,alloy,18,17,120/70 - zr18,33,36,35,42,206,2190,895,1514,160,810,1330,tubular steel trellis frame
170,Ducati Multistrada V2,Ducati,1605000,111.3,96,liquid cooled,6 speed manual,chain drive,937,2,94,67.5,4,1 per cylinder,1 down 5 up,wet multiplate with assist and slipper clutch,20,17,nan,182,dual channel abs,disc,320,170/60 - zr17,tubeless,yes,disc,265,alloy,19,17,120/70 - zr19,34,34,36,42,222,2269,980,1594,170,830,1170,tubular steel trellis frame
171,Scrambler,Ducati,1199000,71.87,66.2,air cooled,6 speed manual,chain drive,803,2,88,66,2,1 per cylinder,1 down 5 up,wet multiplate with assist and slipper clutch,13.5,19,nan,299,dual channel abs,disc,330,180/55 - r17,tubeless,yes,disc,245,spoke,17,17,120/70 - r17,36,36,36,42,189,2100,855,1445,176,798,1150,tubular steel trellis frame
172,Ducati Scrambler Desert Sled,Ducati,1259000,71.87,66.2,air cooled,6 speed manual,chain drive,803,2,88,66,2,1 per cylinder,1 down 5 up,wet multiplate with assist and slipper clutch,13.5,18.5,nan,299,dual channel abs,disc,330,170/60 - r17,tubeless,no,disc,245,spoke,19,17,120/70 - r19,32,32,32,38,209,2200,940,1505,238,860,1213,tubular steel trellis frame
173,Husqvarna Svartpilen 250,Husqvarna,217632,29.63,24,liquid cooled,6 speed manual,chain drive,248.76,1,72,61.1,4,1 per cylinder,1 down 5 up,assist and slipper clutch,9.5,nan,30,145,dual channel abs,disc,320,150/60 - r17,tubeless,yes,disc,230,alloy,17,17,110/70 - r17,29,29,29,32,166,2090,700,1357,149,842,1130,"steel trellis frame , powder coated"
174,Husqvarna Vitpilen 250,Husqvarna,217074,29.63,24,liquid cooled,6 speed manual,chain drive,248.76,1,72,61.1,4,1 per cylinder,1 down 5 up,assist and slipper clutch,9.5,nan,31,150,dual channel abs,disc,320,150/60 - r17,tubeless,yes,disc,230,alloy,17,17,110/70 - r17,29,29,29,32,166,2090,700,1357,149,842,1130,"steel trellis frame , powder coated"
175,Triumph Rocket 3,Triumph,2019312,165,221,water cooled,6 speed manual,shaft drive,2458,3,110.2,85.9,3,1 per cylinder,1 down 5 up,wet multiplate with torque assist clutch,18,14.6,nan,220,dual channel abs,disc,320,240/50 - r16,tubeless,yes,disc,300,alloy,17,16,150/80 - r17,42,42,42,42,304,2500,889,1677,140,773,1065,full aluminium frame
176,Triumph Trident 660,Triumph,758000,80,64,liquid cooled,6 speed manual,chain drive,660,3,74,51.1,4,1 per cylinder,1 down 5 up,assist and slipper clutch,14,15,nan,212,dual channel abs,disc,310,180/55 - r17,tubeless,yes,disc,255,alloy,17,17,120/70 - r17,34,42,34,42,189,2020,790,1407,150,805,1080,tubular steel perimeter frame
177,Triumph Speed Triple 1200 RS,Triumph,1795000,177.5,125,liquid cooled,6 speed manual,chain drive,1160,3,90,60.8,4,1 per cylinder,1 down 5 up,assist and slipper clutch,15.5,17.8,nan,230,dual channel abs,disc,320,190/55 - zr17,tubeless,yes,disc,220,alloy,17,17,120/70 - zr17,34,42,34,42,198,2090,792,1445,165,830,1089,"aluminium twin spar frame, bolt-on aluminium rear subframe"
178,Triumph Tiger 900,Triumph,1399865,93.9,87,liquid cooled,6 speed manual,chain drive,888,3,78,61.9,4,1 per cylinder,1 down 5 up,assist and slipper clutch,20,23.55,nan,200,dual channel abs,disc,320,150/70 - r17,tubeless,yes,disc,255,alloy,19,17,100/90 - 19,36,42,36,42,194,1556,930,1556,203,810,1410,"tubular steel frame, bolt on sub frame"
179,Bonneville,Triumph,1285000,76.9,106,liquid cooled,6 speed manual,chain drive,1200,2,97.6,80,4,1 per cylinder,1 down 5 up,wet multiplate with torque assist clutch,12,21.7,nan,150,dual channel abs,disc,310,150/80 - r16,tubeless,yes,disc,255,spoke,16,16,mt 90 - b16,33,38,33,38,251,2240,800,1500,140,690,1024,"tubular steel, twin cradle frame"
180,Triumph Speed Twin 900,Triumph,879006,64.1,80,liquid cooled,5 speed manual,chain drive,900,2,84.6,80,4,1 per cylinder,1 down 4 up,wet multiplate with torque assist clutch,12,24,nan,180,dual channel abs,disc,310,150/70 - r17,tubeless,yes,disc,255,alloy,18,17,100/90 - 18,32,36,32,36,216,2090,780,1450,130,765,1110,"tubular steel, twin cradle frame"
181,Triumph Scrambler 900,Triumph,989006,64.1,80,liquid cooled,5 speed manual,chain drive,900,2,84.6,80,4,1 per cylinder,1 down 4 up,wet multiplate with torque assist clutch,12,23,nan,175,dual channel abs,disc,310,150/70 - r17,tubeless,yes,disc,255,spoke,19,17,100/90 - 19,30,36,30,36,223,2125,835,1445,157.5,790,1180,"tubular steel, with twin cradles"
182,Triumph Speed Twin,Triumph,1122000,98.6,112,liquid cooled,6 speed manual,chain drive,1200,2,97.6,80,4,1 per cylinder,1 down 5 up,wet multiplate with torque assist clutch,14.5,19.6,nan,200,dual channel abs,disc,320,160/60 - zr17,tubeless,yes,disc,220,alloy,17,17,120/70 - zr17,36,42,36,42,216,2099,778,1413,130,809,1097,"tubular steel, with steel cradles"
183,Bonneville,Triumph,1139000,78.9,105,liquid cooled,6 speed manual,chain drive,1200,2,97.6,80,4,1 per cylinder,1 down 5 up,wet multiplate with torque assist clutch,14.5,21,nan,190,dual channel abs,disc,310,150/70 - r17,tubeless,yes,disc,255,spoke,18,17,100/90 - 18,32,36,32,36,236,2120,780,1450,140,790,1100,"tubular steel, with twin cradles"
184,Bonneville,Triumph,1285000,76.9,106,liquid cooled,6 speed manual,chain drive,1200,2,97.6,80,4,1 per cylinder,1 down 5 up,wet multiplate with torque assist clutch,12,21.7,nan,161,dual channel abs,disc,310,150/80 - r16,tubeless,yes,disc,255,spoke,16,16,mt90 - b16,33,36,33,36,263,2225,910,1500,140,705,1055,"tubular steel, twin cradle frame"
185,Triumph Bonneville T100,Triumph,1004000,64.1,80,liquid cooled,5 speed manual,chain drive,900,2,84.6,80,4,1 per cylinder,1 down 4 up,wet multiplate with torque assist clutch,14.5,24,nan,185,dual channel abs,disc,310,150/70 - r17,tubeless,yes,disc,255,spoke,18,17,100/90 - 18,32,36,32,36,228,2230,780,1450,140,790,1100,"tubular steel, twin cradle frame"
186,Triumph Tiger 850 Sport,Triumph,1195000,84,82,liquid cooled,6 speed manual,chain drive,888,3,78,61.9,4,1 per cylinder,1 down 5 up,assist and slipper clutch,20,19,nan,160,dual channel abs,disc,320,150/70 - r17,tubeless,no,disc,255,alloy,19,17,100/90 - 19,36,42,36,42,192,2240,830,1556,203,810,1410,"tubular steel frame, bolt on sub frame"
187,Vespa ZX 125,Vespa,116135,9.78,9.6,air cooled,automatic,cvt,124.45,1,52,58.6,3,1 per cylinder,automatic,automatic,7.4,nan,nan,95,cbs,disc,200,90/100 - 10,tubeless,no,drum,140,alloy,10,10,90/100 - 10,20,26,20,32,114,1770,690,1290,155,770,1140,monocoque full-steel body construction
188,Vespa SXL 125,Vespa,134313,9.78,9.6,air cooled,automatic,cvt,124.45,1,52,58.6,3,1 per cylinder,automatic,automatic,7.4,nan,40,90,cbs,disc,200,120/70 - 10,tubeless,no,drum,140,alloy,11,10,110/70 - 11,20,26,20,32,114,1770,690,1290,155,770,1140,monocoque full steel body construction
189,Vespa SXL 150,Vespa,148261,10.32,10.6,air cooled,automatic,cvt,149.5,1,58,56.6,3,1 per cylinder,automatic,automatic,7.4,nan,35,95,single channel abs,disc,200,120/70 - 10,tubeless,no,drum,140,alloy,11,10,110/70 - 11,20,26,20,32,114,1770,690,1290,155,770,1140,monocoque full - steel body construction
190,Vespa VXL 125,Vespa,130438,9.78,9.6,air cooled,automatic,cvt,124.45,1,52,58.6,3,1 per cylinder,automatic,automatic,7.4,nan,39,90,cbs,disc,200,120/70 - 10,tubeless,no,drum,140,alloy,11,10,110/70 - 11,20,26,20,32,114,1770,690,1290,155,770,1140,monocoque full - steel body construction
191,Vespa VXL 150,Vespa,143895,10.32,10.6,air cooled,automatic,cvt,149.5,1,58,56.6,3,1 per cylinder,automatic,automatic,7.4,nan,45,95,single channel abs,disc,200,120/70 - 10,tubeless,no,drum,140,alloy,11,10,110/70 - 11,20,26,20,32,114,1770,690,1290,155,770,1140,monocoque full - steel body construction
192,Vespa Elegante 150,Vespa,155927,10.32,10.6,air cooled,automatic,cvt,149.5,1,60,56.6,3,1 per cylinder,automatic,automatic,7.4,nan,45,100,single channel abs,disc,200,120/70 - 10,tubeless,no,drum,140,alloy,11,10,110/70 - 11,20,26,20,32,114,1770,690,1290,155,770,1140,monocoque full - steel body construction